entry_date,entry_price,exit_date,exit_price,position_size,profit_loss,account_equity,percent_return,cumulative_return,tax_estimate,after_tax_equity
2017-01-06 00:00:00,902.2009887695312,2017-01-17 00:00:00,907.93798828125,7.389336466765587,42.39261970175973,100042.39261970176,0.00042392619701759726,0.0004239261970175878,0.8478523940351945,100041.54476730773
2017-01-24 00:00:00,892.68701171875,2017-01-31 00:00:00,970.4030151367188,7.471255606679244,580.6361262652023,100623.02874596696,0.005803900837042309,0.006230287459669581,11.612722525304045,100610.56817104762
2017-02-09 00:00:00,994.3829956054688,2017-02-16 00:00:00,1027.43994140625,6.746094760312396,223.00528885858125,100846.03403482554,0.0022162450448751717,0.00846034034825549,4.460105777171625,100829.11335412903
2017-03-07 00:00:00,1223.5400390625,2017-03-14 00:00:00,1240.0,5.494768230720411,90.44367043827395,100936.47770526381,0.0008968490561268944,0.009364777052638162,1.8088734087654792,100917.74815115854
2017-03-16 00:00:00,1187.81005859375,2017-03-31 00:00:00,1071.7900390625,5.665130098031703,-657.2685046207105,100279.2092006431,-0.0065117043863958226,0.002792092006431046,0.0,100260.47964653783
2017-04-13 00:00:00,1169.280029296875,2017-04-17 00:00:00,1193.9100341796875,5.717433331514503,140.82041087235714,100420.02961151546,0.0014042832207680996,0.0042002961151546,2.816408217447143,100398.48364919274
2017-05-27 00:00:00,2038.8699951171875,2017-06-01 00:00:00,2407.8798828125,3.283519134030373,1211.6510268939578,101631.68063840942,0.01206583020918582,0.016316806384094162,24.233020537879156,101585.90165554882
2017-06-12 00:00:00,2659.6298828125,2017-06-20 00:00:00,2721.7900390625,2.547514381485697,158.35389200227303,101790.03453041169,0.001558115451870494,0.017900345304116883,3.1670778400454607,101741.08846971105
2017-06-25 00:00:00,2589.409912109375,2017-07-04 00:00:00,2601.639892578125,2.620675185606075,32.050806334900074,101822.08533674659,0.0003148717502922576,0.018220853367465928,0.6410161266980015,101772.49825991924
2017-07-07 00:00:00,2518.659912109375,2017-07-20 00:00:00,2817.60009765625,2.6951391848551376,805.6854079952483,102627.77074474184,0.007912678328387018,0.026277707447418308,16.113708159904967,102562.06995975459
2017-07-26 00:00:00,2529.449951171875,2017-07-28 00:00:00,2809.010009765625,2.70487715315854,756.175615425897,103383.94636016773,0.00736813836974667,0.03383946360167722,15.123512308517942,103303.12206287197
2017-08-21 00:00:00,4001.739990234375,2017-08-24 00:00:00,4334.68017578125,1.7223165691667492,573.4283981088347,103957.37475827656,0.00554659033919185,0.03957374758276555,11.468567962176694,103865.08189301864
2017-09-04 00:00:00,4236.31005859375,2017-09-18 00:00:00,4065.199951171875,1.6359736550663053,-279.93162785775297,103677.44313041882,-0.002692753914848799,0.036774431304188226,0.0,103585.15026516089
2017-09-21 00:00:00,3631.0400390625,2017-09-27 00:00:00,4200.669921875,1.903539886002604,1084.313202192583,104761.7563326114,0.010458525687488208,0.047617563326114,21.68626404385166,104647.77720330963
2017-10-24 00:00:00,5526.64013671875,2017-10-29 00:00:00,6153.85009765625,1.2637184466632085,792.6167975676292,105554.37313017904,0.007565898332700009,0.055543731301790356,15.852335951352584,105424.5416649259
2017-11-10 00:00:00,6618.14013671875,2017-11-15 00:00:00,7315.5400390625,1.0632833489934985,741.5337037518013,106295.90683393084,0.007025134835837413,0.06295906833930842,14.830674075036027,106151.24469460266
2017-12-20 00:00:00,16624.599609375,2017-12-26 00:00:00,16099.7998046875,0.4262595163454367,-223.7009109242734,106072.20592300656,-0.00210451105397471,0.060722059230065684,0.0,105927.54378367838
2017-12-30 00:00:00,12952.2001953125,2018-01-04 00:00:00,15599.2001953125,0.545967502681616,1445.1759795982375,107517.3819026048,0.013624454842083996,0.07517381902604803,28.903519591964752,107343.81624368466
2018-01-08 00:00:00,15170.099609375,2018-01-20 00:00:00,12899.2001953125,0.47249692782135694,-1072.9929965358508,106444.38890606895,-0.009979716558833503,0.06444388906068954,0.0,106270.82324714882
2018-01-22 00:00:00,10931.400390625,2018-01-28 00:00:00,11786.2998046875,0.6491659202076123,554.9715648148314,106999.36047088378,0.005213723057817184,0.06999360470883786,11.099431296296627,106814.69538066736
2018-01-30 00:00:00,10106.2998046875,2018-02-14 00:00:00,9494.6298828125,0.7058261516000505,-431.73262700653476,106567.62784387724,-0.004034908480822332,0.06567627843877233,0.0,106382.96275366082
2018-02-22 00:00:00,10005.0,2018-02-27 00:00:00,10725.599609375,0.7100958043903198,511.6947592624909,107079.32260313974,0.004801596597534566,0.07079322603139726,10.233895185249818,106884.42361773805
2018-03-06 00:00:00,10779.900390625,2018-03-20 00:00:00,8913.4697265625,0.6622159062883602,-1235.9800737265346,105843.3425294132,-0.01154265869151374,0.05843342529413209,0.0,105648.44354401152
2018-03-25 00:00:00,8495.7802734375,2018-04-03 00:00:00,7456.10986328125,0.8305561829742542,-863.5046874106522,104979.83784200255,-0.008158327834088286,0.049798378420025546,0.0,104784.93885660087
2018-04-06 00:00:00,6636.31982421875,2018-04-12 00:00:00,7889.25,1.0545989406044651,1321.3388360302724,106301.17667803283,0.012586596275933695,0.06301176678032827,26.42677672060545,106079.85091591055
2018-05-07 00:00:00,9373.009765625,2018-06-02 00:00:00,7643.4501953125,0.7560799880801474,-1307.6853793057799,104993.49129872705,-0.012301701826561375,0.0499349129872706,0.0,104772.16553660476
2018-06-09 00:00:00,7531.97998046875,2018-06-30 00:00:00,6404.0,0.9293128904660456,-1048.2463360372478,103945.2449626898,-0.009983917317834318,0.03945244962689798,0.0,103723.91920056751
2018-07-10 00:00:00,6329.9501953125,2018-07-16 00:00:00,6741.75,1.0947452639744735,450.8158858872538,104396.06084857705,0.004337051551026408,0.043960608485770436,9.016317717745077,104165.71876873702
2018-07-31 00:00:00,7780.43994140625,2018-08-17 00:00:00,6580.6298828125,0.8945172049804708,-1073.2507401207363,103322.81010845631,-0.010280567402609665,0.0332281010845632,0.0,103092.46802861628
2018-09-05 00:00:00,6792.830078125,2018-09-13 00:00:00,6517.31005859375,1.0140379284248304,-279.38774984503755,103043.42235861128,-0.0027040277897181528,0.030434223586112807,0.0,102813.08027877125
2018-09-17 00:00:00,6281.2001953125,2018-09-20 00:00:00,6519.669921875,1.093670202662966,260.8072341785915,103304.22959278987,0.002531042042362794,0.033042295927898646,5.21614468357183,103068.67136826627
2018-09-25 00:00:00,6446.47021484375,2018-10-08 00:00:00,6652.22998046875,1.068328621710114,219.81904681355235,103524.04863960342,0.0021278804138034502,0.035240486396034276,4.396380936271047,103284.09403414355
2018-10-11 00:00:00,6256.240234375,2018-10-15 00:00:00,6596.5400390625,1.1031550874148457,375.40346078729397,103899.45210039071,0.003626244005334257,0.0389945210039071,7.50806921574588,103651.9894257151
2018-10-29 00:00:00,6332.6298828125,2018-11-05 00:00:00,6419.66015625,1.0937999327618586,95.19370723418366,103994.6458076249,0.0009162099059213969,0.03994645807624897,1.9038741446836733,103745.2792588046
2018-11-09 00:00:00,6385.6201171875,2018-12-17 00:00:00,3545.86474609375,1.0857170110251677,-3083.170713546572,100911.47509407833,-0.029647398571364853,0.009114750940783178,0.0,100662.10854525803
2018-12-27 00:00:00,3654.83349609375,2019-01-06 00:00:00,4076.632568359375,1.840694433858278,776.4032045259215,101687.87829860425,0.007693904026297226,0.016878782986042395,15.52806409051843,101422.98368569343
2019-01-10 00:00:00,3678.924560546875,2019-02-08 00:00:00,3666.7802734375,1.8427102200665635,-22.378401971867937,101665.49989663238,-0.00022006951414753925,0.01665499896632383,0.0,101400.60528372155
2019-02-24 00:00:00,3810.427490234375,2019-03-09 00:00:00,3963.313720703125,1.778724305994322,271.9424541866153,101937.442350819,0.0026748745096725115,0.019374423508189853,5.438849083732306,101667.10888882444
2019-03-25 00:00:00,3963.070556640625,2019-03-27 00:00:00,4087.066162109375,1.714788922611365,212.6262907103017,102150.0686415293,0.002085850751272978,0.021500686415293124,4.2525258142060345,101875.48265372054
2019-04-25 00:00:00,5210.515625,2019-05-01 00:00:00,5402.697265625,1.3069732568169687,251.17626474808452,102401.24490627738,0.0024588947231110165,0.024012449062773777,5.023525294961691,102121.63539317367
2019-05-18 00:00:00,7271.2080078125,2019-05-19 00:00:00,8197.689453125,0.9388742081210628,869.8495333066312,103271.094439584,0.008494521078359544,0.03271094439583999,17.396990666132623,102974.08793581417
2019-05-30 00:00:00,8319.47265625,2019-06-02 00:00:00,8742.9580078125,0.8275451959245809,350.4532682299791,103621.54770781398,0.0033935272026675615,0.03621547707813977,7.009065364599581,103317.53213867955
2019-06-03 00:00:00,8208.9951171875,2019-06-13 00:00:00,8230.923828125,0.841528479662165,18.453634776185464,103640.00134259017,0.00017808684761416564,0.03640001342590171,0.3690726955237093,103335.61670076022
2019-07-01 00:00:00,10583.134765625,2019-07-08 00:00:00,12285.9580078125,0.6528626513650283,1111.709696700525,104751.71103929069,0.01072664687667922,0.04751711039290685,22.234193934010502,104425.09220352673
2019-07-11 00:00:00,11358.662109375,2019-07-31 00:00:00,10085.6279296875,0.6148124959941816,-782.6773214995774,103969.03371779111,-0.0074717378239865465,0.03969033717791115,0.0,103642.41488202715
2019-08-10 00:00:00,11354.0244140625,2019-08-19 00:00:00,10916.0537109375,0.6104680298145829,-267.36711225322637,103701.66660553789,-0.002571603319686087,0.03701666605537879,0.0,103375.04776977393
2019-08-21 00:00:00,10138.0498046875,2019-09-02 00:00:00,10346.7607421875,0.6819304080724327,142.32633477855498,103843.99294031644,0.0013724594737704481,0.03843992940316432,2.8465266955710997,103514.5275778569
2019-09-10 00:00:00,10115.9755859375,2019-10-09 00:00:00,8595.740234375,0.6843564225591375,-1040.3828266432452,102803.6101136732,-0.01001870977015683,0.02803610113673205,0.0,102474.14475121367
2019-10-15 00:00:00,8205.369140625,2019-10-21 00:00:00,8243.720703125,0.8352548057400595,32.03332688576525,102835.64344055897,0.0003115972955652529,0.02835643440558977,0.640666537715305,102505.53741156172
2019-10-23 00:00:00,7514.671875,2019-10-25 00:00:00,8660.7001953125,0.9123099021145127,1045.5329847247563,103881.17642528373,0.01016702915199918,0.03881176425283739,20.910659694495127,103530.15973659197
2019-11-08 00:00:00,8804.880859375,2019-11-29 00:00:00,7761.24365234375,0.7865423589816946,-820.8648707394265,103060.3115545443,-0.007901959709994537,0.030603115545442927,0.0,102709.29486585254
2019-12-02 00:00:00,7321.98828125,2019-12-06 00:00:00,7546.99658203125,0.9383636210623196,211.1396038901733,103271.45115843447,0.002048699452828924,0.032714511584344796,4.222792077803466,102916.2116776649
2019-12-09 00:00:00,7400.8994140625,2019-12-22 00:00:00,7511.5888671875,0.9302603677440221,102.97001136944719,103374.42116980391,0.0009970810927356407,0.033744211698039095,2.059400227388944,103017.12228880696
2019-12-31 00:00:00,7193.59912109375,2020-01-06 00:00:00,7769.21923828125,0.9580222586741935,551.4568848062727,103925.87805461019,0.005334558380747243,0.03925878054610199,11.029137696125455,103557.55003591711
2020-01-23 00:00:00,8406.515625,2020-01-27 00:00:00,8909.8193359375,0.8241692729034029,414.80745349294386,104340.68550810314,0.003991377905654778,0.04340685508103137,8.296149069858878,103964.0613403402
2020-02-04 00:00:00,9180.962890625,2020-02-05 00:00:00,9613.423828125,0.757659712103103,327.658229402088,104668.34373750523,0.0031402729223649,0.046683437375052206,6.55316458804176,104285.16640515425
2020-02-15 00:00:00,9889.4248046875,2020-03-05 00:00:00,9078.7626953125,0.7055910450113227,-571.9959249049895,104096.34781260024,-0.005464841655844692,0.04096347812600243,0.0,103713.17048024926
2020-03-08 00:00:00,8108.1162109375,2020-03-19 00:00:00,6191.19287109375,0.8559024488917146,-1640.6993809099502,102455.6484316903,-0.01576135393206709,0.024556484316902827,0.0,102072.47109933931
2020-03-28 00:00:00,6242.19384765625,2020-04-01 00:00:00,6606.7763671875,1.0942269222666452,398.93600825889877,102854.58443994919,0.003893743433041461,0.028545844399491926,7.978720165177975,102463.42838743303
2020-04-10 00:00:00,6865.4931640625,2020-04-18 00:00:00,7257.6650390625,0.9987588847789566,391.6851445166724,103246.26958446586,0.0038081447380243372,0.03246269584465855,7.833702890333448,102847.27982905936
2020-04-20 00:00:00,6881.95849609375,2020-04-23 00:00:00,7429.724609375,1.0001636369750384,547.8557480710559,103794.12533253692,0.005306300656440228,0.03794125332536913,10.95711496142112,103384.178462169
2020-05-10 00:00:00,8756.4306640625,2020-05-14 00:00:00,9733.7216796875,0.7902316161654097,772.2862587412784,104566.4115912782,0.007440558473487955,0.045664115912781966,15.445725174825569,104141.01899573546
2020-05-21 00:00:00,9081.76171875,2020-05-28 00:00:00,9525.7509765625,0.767592711851584,340.80291843726894,104907.21450971547,0.003259200667317296,0.04907214509715474,6.816058368745379,104475.00585580399
2020-06-11 00:00:00,9321.78125,2020-06-22 00:00:00,9648.7177734375,0.7502658679796524,245.28931453108592,105152.50382424655,0.0023381548702579424,0.05152503824246546,4.905786290621719,104715.38938404445
2020-06-25 00:00:00,9264.8134765625,2020-07-06 00:00:00,9375.474609375,0.7566441504030583,83.73109881955406,105236.2349230661,0.0007962825018366035,0.052362349230661076,1.6746219763910812,104797.44586088762
2020-07-15 00:00:00,9192.8369140625,2020-07-21 00:00:00,9374.8876953125,0.763175618196698,138.93671752366058,105375.17164058976,0.001320236491026418,0.0537517164058976,2.7787343504732114,104933.60384406081
2020-08-11 00:00:00,11410.525390625,2020-08-15 00:00:00,11865.6982421875,0.6156606468338262,280.2320122141659,105655.40365280393,0.002659374194615523,0.05655403652803925,5.604640244283318,105208.23121603069
2020-08-21 00:00:00,11592.4892578125,2020-08-30 00:00:00,11711.505859375,0.6076083764413803,72.31548404496128,105727.71913684889,0.0006844466212310206,0.057277191368488856,1.4463096808992257,105279.10039039476
2020-09-03 00:00:00,10245.296875,2020-09-14 00:00:00,10680.837890625,0.6879756336122042,299.6416061887123,106027.3607430376,0.0028340874903474513,0.06027360743037602,5.992832123774246,105572.74916445969
2020-09-21 00:00:00,10462.259765625,2020-10-05 00:00:00,10793.33984375,0.675617971121963,223.6836506617135,106251.04439369931,0.0021096785687594504,0.06251044393699301,4.47367301323427,105791.95914210817
2020-11-26 00:00:00,17150.623046875,2020-11-30 00:00:00,19625.8359375,0.41301140723692925,1022.2911591680187,107273.33555286733,0.009621469275916507,0.07273335552867333,20.445823183360375,106793.80447809283
2020-12-08 00:00:00,18321.14453125,2020-12-13 00:00:00,19142.3828125,0.39034437457366417,320.5657432704822,107593.9012961378,0.0029883077804782002,0.07593901296137795,6.4113148654096435,107107.95890649791
2021-01-11 00:00:00,35566.65625,2021-01-29 00:00:00,34316.38671875,0.20167560038978513,-252.14885836389897,107341.7524377739,-0.002343523706514675,0.07341752437773907,0.0,106855.81004813401
2021-02-23 00:00:00,48824.42578125,2021-03-03 00:00:00,50538.2421875,0.14656837668192474,251.19128859491255,107592.94372636882,0.0023401079532452047,0.07592943726368806,5.0238257718982515,107101.97751095702
2021-03-22 00:00:00,54529.14453125,2021-03-29 00:00:00,57750.19921875,0.13154182000747458,423.7033959373573,108016.64712230617,0.003938022153338633,0.08016647122306164,8.474067918747146,107517.20683897563
2021-04-03 00:00:00,57603.890625,2021-04-10 00:00:00,59793.234375,0.12501082357497004,273.6916652762133,108290.33878758238,0.0025337915272107547,0.08290338787582385,5.473833305524266,107785.42467094632
2021-04-17 00:00:00,60683.8203125,2021-04-27 00:00:00,55033.1171875,0.11896673416398401,-672.2456965114687,107618.09309107091,-0.006207808600821876,0.0761809309107091,0.0,107113.17897443485
2021-05-04 00:00:00,53333.5390625,2021-05-08 00:00:00,58803.77734375,0.13452209745535726,735.8679271743385,108353.96101824526,0.0068377714753932355,0.0835396101824526,14.717358543486771,107834.3295430657
2021-05-10 00:00:00,55859.796875,2021-06-03 00:00:00,39208.765625,0.12931657122529328,-2153.254268615209,106200.70674963004,-0.01987240935523005,0.06200706749630047,0.0,105681.07527445049
2021-06-05 00:00:00,35551.95703125,2021-06-09 00:00:00,37345.12109375,0.1991464804713472,357.10231195457783,106557.80906158462,0.003362522933076637,0.06557809061584607,7.142046239091557,106031.03554016598
2021-06-18 00:00:00,35787.24609375,2021-06-29 00:00:00,35867.77734375,0.1985023915735057,15.98564572140388,106573.79470730602,0.00015001852855443985,0.06573794707306013,0.31971291442807764,106046.70147297296
2021-07-08 00:00:00,32877.37109375,2021-07-23 00:00:00,33581.55078125,0.21610364243826,152.17579539978567,106725.97050270581,0.0014278913105958257,0.06725970502705803,3.0435159079957135,106195.83375246475
2021-08-03 00:00:00,38152.98046875,2021-08-06 00:00:00,42816.5,0.18648778189185328,869.6894131921479,107595.65991589795,0.00814880772782571,0.07595659915897945,17.393788263842957,107048.12937739305
2021-08-17 00:00:00,44695.359375,2021-08-20 00:00:00,49339.17578125,0.16048744421563782,745.2742264457106,108340.93414234366,0.00692661978213855,0.08340934142343648,14.905484528914213,107778.49811930985
2021-08-26 00:00:00,46942.21875,2021-09-02 00:00:00,49327.72265625,0.15386424278939545,367.04375220630124,108707.97789454996,0.0033878584776097747,0.08707977894549956,7.340875044126025,108138.20099647202
2021-09-07 00:00:00,46811.12890625,2021-09-15 00:00:00,48176.34765625,0.1548178541222004,211.36023728239277,108919.33813183235,0.0019442937066442229,0.08919338131832344,4.227204745647856,108345.33402900877
2021-09-20 00:00:00,42843.80078125,2021-09-30 00:00:00,43790.89453125,0.16948284410767375,160.51614238660213,109079.85427421896,0.001473715734411815,0.09079854274218957,3.2103228477320425,108502.63984854764
2021-10-22 00:00:00,60692.265625,2021-11-02 00:00:00,63226.40234375,0.11981741347207996,303.6337070252487,109383.48798124421,0.0027835910585462947,0.09383487981244198,6.072674140504975,108800.20088143238
2021-11-15 00:00:00,63557.87109375,2021-12-21 00:00:00,48936.61328125,0.1147337443276956,-1677.5516556086968,107705.93632563551,-0.015336424962937217,0.0770593632563552,0.0,107122.64922582368
2021-12-28 00:00:00,47588.85546875,2022-01-12 00:00:00,43949.1015625,0.15088397660156994,-549.1805432260978,107156.75578240941,-0.005098888343217394,0.07156755782409419,0.0,106573.46868259758
2022-01-17 00:00:00,42250.55078125,2022-01-28 00:00:00,37784.33203125,0.16908143412884385,-755.1546713831324,106401.60111102628,-0.007047196099483787,0.06401601111026278,0.0,105818.31401121445
2022-02-02 00:00:00,36952.984375,2022-02-04 00:00:00,41500.875,0.19195851685709536,873.0063392032885,107274.60745022957,0.008204823330546854,0.07274607450229564,17.46012678406577,106673.86022363367
2022-02-11 00:00:00,42407.9375,2022-02-15 00:00:00,44575.203125,0.16863919629861676,365.4859331656193,107640.09338339519,0.0034070125433475745,0.07640093383395197,7.3097186633123865,107032.03643813598
2022-02-17 00:00:00,40538.01171875,2022-02-28 00:00:00,43193.234375,0.17701919559711832,470.0253787406188,108110.11876213581,0.004366638526282866,0.0811011876213581,9.400507574812377,107492.6613093018
2022-03-04 00:00:00,39137.60546875,2022-03-09 00:00:00,41982.92578125,0.1841538633875765,523.9767281220214,108634.09549025784,0.004846694593638145,0.08634095490257843,10.47953456244043,108006.15850286138
2022-03-13 00:00:00,37849.6640625,2022-03-16 00:00:00,41143.9296875,0.19134312581281862,630.3350819452186,109264.43057220305,0.0058023687600155536,0.09264430572203053,12.606701638904372,108623.8868831677
2022-03-31 00:00:00,45538.67578125,2022-04-19 00:00:00,41502.75,0.15995843635135795,-645.5803771988827,108618.85019500417,-0.005908422107890606,0.08618850195004168,0.0,107978.30650596881
2022-04-22 00:00:00,39740.3203125,2022-05-04 00:00:00,39698.37109375,0.18221435113569692,-7.643749675180661,108611.206445329,-7.037222048896472e-05,0.08611206445329,0.0,107970.66275629363
2022-05-05 00:00:00,36575.140625,2022-05-15 00:00:00,31305.11328125,0.19796908426391777,-1043.3024872879944,107567.903958041,-0.009605845671304238,0.07567903958041011,0.0,106927.36026900564
2022-05-18 00:00:00,28720.271484375,2022-05-30 00:00:00,31726.390625,0.24969101009731595,750.6009246955316,108318.50488273654,0.006977926473200765,0.08318504882736533,15.012018493910633,107662.94917520726
2022-06-10 00:00:00,29083.8046875,2022-06-25 00:00:00,21502.337890625,0.24829054301663409,-1882.4065078586752,106436.09837487787,-0.017378438798583227,0.06436098374877863,0.0,105780.54266734859
2022-06-28 00:00:00,20280.634765625,2022-07-04 00:00:00,20231.26171875,0.34987760361848075,-17.27452332396792,106418.8238515539,-0.00016229947910271415,0.06418823851553901,0.0,105763.26814402462
2022-07-11 00:00:00,19970.556640625,2022-07-16 00:00:00,21190.31640625,0.3552524040485748,433.32258910000735,106852.1464406539,0.004071860347793913,0.06852146440653906,8.666451782000147,106187.92428134262
2022-07-25 00:00:00,21361.701171875,2022-07-28 00:00:00,23843.88671875,0.33346952904461363,827.733245317753,107679.87968597165,0.007746528945747283,0.07679879685971658,16.55466490635506,106999.10286175403
2022-08-02 00:00:00,22978.1171875,2022-08-08 00:00:00,23809.486328125,0.3124128311799456,259.7303869782946,107939.61007294994,0.002412060523616389,0.07939610072949943,5.194607739565892,107253.63864099275
2022-08-16 00:00:00,23883.291015625,2022-09-09 00:00:00,21381.15234375,0.30129742170606044,-753.8879305869639,107185.72214236298,-0.006984349212281349,0.07185722142362971,0.0,106499.75071040579
2022-09-13 00:00:00,20296.70703125,2022-09-29 00:00:00,19573.05078125,0.35206276557516963,-254.77242070075636,106930.94972166223,-0.002376924982250623,0.06930949721662216,0.0,106244.97828970503
2022-10-02 00:00:00,19044.107421875,2022-10-04 00:00:00,20336.84375,0.37432733514492456,483.90654475206605,107414.8562664143,0.004525411454884287,0.07414856266414294,9.67813089504132,106719.20670356206
2022-10-08 00:00:00,19416.568359375,2022-10-17 00:00:00,19550.7578125,0.36880824073649326,49.49017613242338,107464.34644254672,0.0004607386524790948,0.07464346442546721,0.9898035226484676,106767.70707617184
2022-10-20 00:00:00,19053.740234375,2022-10-23 00:00:00,19567.0078125,0.3760043789151328,192.99085693016502,107657.33729947689,0.001795859401921204,0.07657337299476885,3.8598171386033004,106956.8381159634
2022-11-02 00:00:00,20159.50390625,2022-11-04 00:00:00,21147.23046875,0.3560184741321939,351.64890364108703,108008.98620311798,0.003266371920967023,0.08008986203117985,7.032978072821741,107301.45404153167
2022-11-08 00:00:00,18541.271484375,2022-11-30 00:00:00,17168.56640625,0.3883551937781568,-533.0971466154942,107475.88905650249,-0.004935674015243233,0.07475889056502494,0.0,106768.35689491619
2022-12-16 00:00:00,16647.484375,2022-12-26 00:00:00,16919.8046875,0.4303989184812495,117.20636798047589,107593.09542448296,0.0010905363892254741,0.07593095424482965,2.344127359609518,106883.21913553705
2022-12-27 00:00:00,16717.173828125,2023-01-04 00:00:00,16863.23828125,0.42907210884122116,62.67218292908345,107655.76760741204,0.0005824926096031094,0.07655767607412045,1.253443658581669,106944.63787480755
2023-02-05 00:00:00,22955.666015625,2023-02-15 00:00:00,24307.841796875,0.31264835308818045,422.75553109353626,108078.52313850558,0.003926919481315646,0.08078523138505589,8.455110621870725,107358.93829527922
2023-02-23 00:00:00,23947.4921875,2023-03-12 00:00:00,22163.94921875,0.30087638486260065,-536.6259606846103,107541.89717782097,-0.004965148903792009,0.07541897177820966,0.0,106822.31233459461
2023-04-03 00:00:00,27790.220703125,2023-04-09 00:00:00,28333.05078125,0.2579849900597777,140.0420123092265,107681.9391901302,0.0013022088691411725,0.07681939190130205,2.80084024618453,106959.55350665766
2023-04-17 00:00:00,29445.044921875,2023-04-27 00:00:00,29473.787109375,0.24380319218584331,7.007437062904043,107688.9466271931,6.507532382502194e-05,0.07688946627193105,0.14014874125808086,106966.4207949793
2023-05-01 00:00:00,28091.568359375,2023-05-05 00:00:00,29534.384765625,0.25556647520121833,368.7355033078016,108057.6821305009,0.003424079395857794,0.0805768213050091,7.374710066156032,107327.78158822095
2023-05-07 00:00:00,28454.978515625,2023-05-17 00:00:00,27398.802734375,0.25316643523069265,-267.38825751605435,107790.29387298485,-0.0024744955864695528,0.07790293872984844,0.0,107060.3933307049
2023-05-24 00:00:00,26334.818359375,2023-05-28 00:00:00,28085.646484375,0.2728714317854467,477.75097727897906,108268.04485026383,0.00443222631753782,0.08268044850263823,9.555019545579581,107528.5892884383
2023-06-01 00:00:00,26819.97265625,2023-06-16 00:00:00,26327.462890625,0.26912293122723363,-132.54567178303782,108135.4991784808,-0.0012242363105970028,0.08135499178480798,0.0,107396.04361665527
2023-07-06 00:00:00,29909.337890625,2023-07-11 00:00:00,30620.951171875,0.24102951743458814,171.51980577973134,108307.01898426052,0.0015861563231574203,0.08307018984260517,3.4303961155946268,107564.13302631941
2023-07-18 00:00:00,29856.5625,2023-08-01 00:00:00,29675.732421875,0.24183855500056428,-43.731684794389146,108263.28729946613,-0.00040377516807792814,0.08263287299466127,0.0,107520.40134152502
2023-08-04 00:00:00,29074.091796875,2023-08-08 00:00:00,29765.4921875,0.2482468768777447,171.63798764470897,108434.92528711083,0.0015853757254750878,0.08434925287110828,3.4327597528941793,107688.60656941684
2023-08-13 00:00:00,29282.9140625,2023-08-29 00:00:00,27727.392578125,0.24686733716840867,-384.00744675590664,108050.91784035493,-0.003541363133133932,0.08050917840354921,0.0,107304.59912266093
2023-08-31 00:00:00,25931.47265625,2023-09-07 00:00:00,26240.1953125,0.277785786336904,85.75876582642395,108136.67660618135,0.0007936884530044659,0.08136676606181359,1.715175316528479,107388.64271317083
2023-09-11 00:00:00,25162.654296875,2023-09-14 00:00:00,26539.673828125,0.28650044978127515,394.5167150607257,108531.19332124208,0.003648315515535033,0.08531193321242081,7.890334301214514,107775.26909393034
2023-09-24 00:00:00,26256.826171875,2023-09-28 00:00:00,27021.546875,0.27556311797627003,210.72882133413054,108741.92214257621,0.0019416429036248882,0.08741922142576208,4.214576426682611,107981.78333883779
2023-10-10 00:00:00,27391.01953125,2023-10-16 00:00:00,28519.466796875,0.26466563129937337,298.6612079446923,109040.5833505209,0.0027465139668315292,0.09040583350520892,5.973224158893847,108274.47132262359
2023-11-14 00:00:00,35537.640625,2023-11-15 00:00:00,37880.58203125,0.20455415991387474,479.25841108290103,109519.8417616038,0.004395229705826877,0.09519841761603809,9.585168221658021,108744.14456548484
2023-11-21 00:00:00,35813.8125,2023-12-01 00:00:00,38688.75,0.20386890628041685,586.1103637495559,110105.95212535336,0.005351636327464439,0.10105952125353368,11.722207274991117,109318.5327219594
2023-12-11 00:00:00,41243.83203125,2023-12-20 00:00:00,43652.25,0.17797562561100416,428.6396947210651,110534.59182007442,0.003892974779720061,0.10534591820074413,8.572793894421302,109738.59962278605
2023-12-26 00:00:00,42520.40234375,2024-01-01 00:00:00,44167.33203125,0.17330439934296893,285.420160252291,110820.01198032672,0.0025821795290734972,0.10820011980326716,5.70840320504582,110018.31137983329
2024-01-12 00:00:00,42853.16796875,2024-01-26 00:00:00,41816.87109375,0.17240267520189012,-178.66035355335873,110641.35162677335,-0.00161216688539138,0.10641351626773354,0.0,109839.65102627993
2024-02-22 00:00:00,51304.97265625,2024-02-26 00:00:00,54522.40234375,0.14376949692327723,462.56824755789205,111103.91987433124,0.004180789919471286,0.11103919874331236,9.251364951157841,110292.96790888667
2024-03-16 00:00:00,65315.1171875,2024-03-25 00:00:00,69958.8125,0.11340296566197726,526.6088200681222,111630.52869439937,0.004739786144933187,0.11630528694399378,10.532176401362445,110809.04455255343
2024-04-02 00:00:00,65446.97265625,2024-04-08 00:00:00,71631.359375,0.1137109165519606,703.2322821008347,112333.7609765002,0.006299641239055752,0.12333760976500208,14.064645642016695,111498.21218901225
2024-04-12 00:00:00,67195.8671875,2024-04-22 00:00:00,66837.6796875,0.11144907732995908,-39.91966638612472,112293.84131011408,-0.0003553665971753208,0.12293841310114084,0.0,111458.29252262613
2024-04-25 04:00:00,63978.1171875,2024-05-15 12:00:00,64655.17578125,0.11701276024427301,79.22449490179339,112373.06580501587,0.0007055105959284502,0.1237306580501587,1.584489898035868,111535.93252762989
2024-06-11 04:00:00,67531.5625,2024-07-15 00:00:00,62668.26953125,0.1109338721480699,-539.5039204139198,111833.56188460195,-0.004801007399317912,0.1183356188460194,0.0,110996.42860721597
2024-08-01 00:00:00,63908.421875,2024-10-14 12:00:00,65974.3984375,0.11666022370086568,241.0172879419955,112074.57917254395,0.002155142730683073,0.12074579172543953,4.820345758839911,111232.62554939913
2024-12-19 16:00:00,97021.625,2025-01-06 12:00:00,102174.2265625,0.07701003370643328,396.80202000394576,112471.3811925479,0.003540517599383986,0.12471381192547892,7.936040400078915,111621.491529003
2025-01-13 08:00:00,90930.453125,2025-01-15 20:00:00,100507.03125,0.08245963614847204,789.6811477349166,113261.0623402828,0.0070211740921275285,0.13261062340282814,15.793622954698334,112395.37905378322
2025-01-27 04:00:00,99010.265625,2025-03-02 20:00:00,94260.5625,0.07626216778319231,-362.2226566391028,112898.8396836437,-0.0031981216594175765,0.12898839683643692,0.0,112033.15639714412
2025-03-09 20:00:00,80576.40625,2025-03-24 08:00:00,87699.4765625,0.09340934477631799,665.3613306862676,113564.20101432997,0.005893429308491487,0.1356420101432998,13.307226613725351,112685.21050121666
2025-03-29 08:00:00,82248.4921875,2025-04-21 04:00:00,87435.6796875,0.09204967207215606,477.478908351787,114041.67992268175,0.0042044843717214805,0.1404167992268175,9.54957816703574,113153.13983140141
2025-06-05 20:00:00,101574.3671875,2025-06-09 20:00:00,110295.6875,0.07484938249704139,652.7854399495291,114694.46536263128,0.0057240952640482505,0.14694465362631282,13.055708798990581,113792.86956255195
2025-06-22 12:00:00,99182.046875,2025-07-09 16:00:00,111779.75,0.07709356614185209,971.2018591026042,115665.66722173388,0.008467730818849368,0.1566566722173388,19.424037182052086,114744.6473844725
2025-08-01 16:00:00,113271.96875,2025-08-11 00:00:00,121819.734375,0.06807548740030994,581.8933111054899,116247.56053283937,0.005030821375801917,0.16247560532839378,11.6378662221098,115314.90282935588
2025-08-18 08:00:00,115053.3359375,2025-09-12 16:00:00,116737.328125,0.06735864984450234,113.43144009869002,116360.99197293806,0.0009757747997356571,0.16360991972938055,2.2686288019738003,115426.0656406526
2025-09-22 04:00:00,112604.6171875,2025-09-29 12:00:00,113873.5390625,0.06889059843741177,87.41678733907261,116448.40876027713,0.0007512550886417591,0.16448408760277133,1.7483357467814522,115511.7340922449
2025-10-10 16:00:00,116787.390625,2025-10-27 00:00:00,114961.671875,0.06647316297709381,-121.36130001908599,116327.04746025805,-0.001042189423720874,0.1632704746025806,0.0,115390.37279222581
2025-10-30 12:00:00,107748.8828125,2026-01-04 04:00:00,91474.9375,0.07197417082129469,-1171.3037198582829,115155.74374039976,-0.010069057415546,0.15155743740399763,0.0,114219.06907236752
2026-01-20 04:00:00,91076.8671875,2026-03-04 12:00:00,73245.125,0.08429198126554542,-1503.0728784007858,113652.67086199898,-0.01305252199828802,0.13652670861998972,0.0,112715.99619396674
2026-03-27 08:00:00,66668.6796875,2026-04-06 08:00:00,69595.9453125,0.11364923918770634,332.6815111815757,113985.35237318056,0.002927177237968557,0.1398535237318057,6.653630223631514,113042.02407492469
